,ACC_ACT,L%_ACT,ACC_LastSIG,L%_LastSIG,ACC_0.75LastSIG,L%_0.75LastSIG,ACC_0.5LastSIG,L%_0.5LastSIG,ACC_1LastSIG,L%_1LastSIG,ACC_LastSEA,L%_LastSEA,ACC_AntiSEA,L%_AntiSEA,ACC_AdjSEA,L%_AdjSEA,ACC_Voting,L%_Voting,ACC_prevACT,L%_prevACT,ACC_RiskOn,L%_RiskOn,ACC_RiskOff,L%_RiskOff,PNL_ACT,PNL_LastSIG,PNL_0.75LastSIG,PNL_0.5LastSIG,PNL_1LastSIG,PNL_LastSEA,PNL_AntiSEA,PNL_AdjSEA,PNL_Voting,PNL_prevACT,PNL_RiskOn,PNL_RiskOff,Vol_currency,Vol_energy,Vol_grain,Vol_index,Vol_meat,Vol_metal,Vol_rates,Vol_soft,Chg_currency,Chg_energy,Chg_grain,Chg_index,Chg_meat,Chg_metal,Chg_rates,Chg_soft,L%_currency,L%_energy,L%_grain,L%_index,L%_meat,L%_metal,L%_rates,L%_soft
2016-07-18,1.0,0.683544303797,0.53164556962,0.594936708861,0.518987341772,0.607594936709,0.53164556962,0.594936708861,0.455696202532,0.518987341772,0.430379746835,0.46835443038,0.569620253165,0.53164556962,0.481012658228,0.443037974684,0.569620253165,0.556962025316,0.303797468354,0.240506329114,0.582278481013,0.721518987342,0.417721518987,0.278481012658,48561.1114009,-2035.92327665,4403.50143771,-2035.92327665,1878.77626735,-10857.050562,10857.050562,4155.45541564,5479.79077556,-22809.087859,10244.2590201,-10244.2590201,182.763326198,761.338586022,236.735477369,282.516280177,456.330115266,244.59751136,112.008154302,286.148002688,-42.2733082605,-669.552229888,236.735477369,196.232851237,291.241731427,11.5134878031,48.9514129871,20.4705441807,0.555555555556,0.142857142857,1.0,0.761904761905,0.666666666667,0.6,0.75,0.625
